Fecha,Provincias,Puestos,Sueldo_bruto,Sueldo_neto
2006-01-01,caba,1279692.0,1955.0,1795.0
2006-01-01,catamarca,27930.0,1264.0,1157.0
2006-01-01,chaco,48149.0,1046.0,955.0
2006-01-01,chubut,84713.0,2078.0,1882.0
2006-01-01,cordoba,387987.0,1261.0,1161.0
2006-01-01,corrientes,56158.0,1123.0,1026.0
2006-01-01,entre_rios,102826.0,1116.0,1020.0
2006-01-01,formosa,17071.0,1047.0,937.0
2006-01-01,jujuy,42135.0,1043.0,938.0
2006-01-01,la_pampa,31567.0,1154.0,1048.0
2006-01-01,la_rioja,26338.0,1137.0,1032.0
2006-01-01,mendoza,179545.0,1166.0,1072.0
2006-01-01,misiones,78615.0,1100.0,999.0
2006-01-01,neuquen,79293.0,2135.0,1965.0
2006-01-01,provincia_buenos_aires,1549285.0,1494.0,1370.0
2006-01-01,rio_negro,95765.0,1343.0,1220.0
2006-01-01,salta,69809.0,1117.0,1015.0
2006-01-01,san_juan,63249.0,1200.0,1119.0
2006-01-01,san_luis,46897.0,1388.0,1263.0
2006-01-01,santa_cruz,47130.0,2384.0,2178.0
2006-01-01,santa_fe,417937.0,1328.0,1218.0
2006-01-01,santiago_estero,34146.0,1000.0,900.0
2006-01-01,tierra_fuego,24933.0,2250.0,2017.0
2006-01-01,tucuman,103412.0,1126.0,1018.0
2006-04-01,caba,1307624.0,2189.0,1986.0
2006-04-01,catamarca,28771.0,1443.0,1300.0
2006-04-01,chaco,49766.0,1245.0,1120.0
2006-04-01,chubut,86396.0,2596.0,2335.0
2006-04-01,cordoba,397546.0,1486.0,1347.0
2006-04-01,corrientes,57256.0,1324.0,1193.0
2006-04-01,entre_rios,106955.0,1316.0,1187.0
2006-04-01,formosa,17431.0,1213.0,1075.0
2006-04-01,jujuy,39512.0,1327.0,1180.0
2006-04-01,la_pampa,31775.0,1382.0,1240.0
2006-04-01,la_rioja,26110.0,1376.0,1233.0
2006-04-01,mendoza,175275.0,1406.0,1273.0
2006-04-01,misiones,83052.0,1282.0,1151.0
2006-04-01,neuquen,77393.0,2572.0,2335.0
2006-04-01,provincia_buenos_aires,1557442.0,1763.0,1595.0
2006-04-01,rio_negro,81643.0,1570.0,1409.0
2006-04-01,salta,65742.0,1408.0,1266.0
2006-04-01,san_juan,64185.0,1410.0,1287.0
2006-04-01,san_luis,46683.0,1677.0,1507.0
2006-04-01,santa_cruz,46151.0,3000.0,2719.0
2006-04-01,santa_fe,425146.0,1552.0,1404.0
2006-04-01,santiago_estero,34391.0,1186.0,1057.0
2006-04-01,tierra_fuego,25462.0,2655.0,2377.0
2006-04-01,tucuman,126304.0,1243.0,1109.0
2006-07-01,caba,1335681.0,1972.0,1791.0
2006-07-01,catamarca,26820.0,1388.0,1250.0
2006-07-01,chaco,48848.0,1137.0,1022.0
2006-07-01,chubut,86996.0,2451.0,2212.0
2006-07-01,cordoba,403891.0,1368.0,1242.0
2006-07-01,corrientes,58325.0,1203.0,1084.0
2006-07-01,entre_rios,109491.0,1212.0,1095.0
2006-07-01,formosa,18115.0,1127.0,998.0
2006-07-01,jujuy,42976.0,1287.0,1144.0
2006-07-01,la_pampa,31794.0,1257.0,1128.0
2006-07-01,la_rioja,24349.0,1326.0,1191.0
2006-07-01,mendoza,170771.0,1306.0,1185.0
2006-07-01,misiones,82989.0,1191.0,1070.0
2006-07-01,neuquen,78910.0,2343.0,2127.0
2006-07-01,provincia_buenos_aires,1584780.0,1606.0,1454.0
2006-07-01,rio_negro,80361.0,1472.0,1323.0
2006-07-01,salta,66430.0,1297.0,1167.0
2006-07-01,san_juan,62983.0,1317.0,1202.0
2006-07-01,san_luis,47575.0,1534.0,1379.0
2006-07-01,santa_cruz,43762.0,2840.0,2584.0
2006-07-01,santa_fe,429355.0,1445.0,1309.0
2006-07-01,santiago_estero,34952.0,1084.0,967.0
2006-07-01,tierra_fuego,25330.0,2503.0,2248.0
2006-07-01,tucuman,133000.0,1182.0,1054.0
2006-10-01,caba,1381831.0,2360.0,2138.0
2006-10-01,catamarca,27576.0,1656.0,1485.0
2006-10-01,chaco,49662.0,1369.0,1222.0
2006-10-01,chubut,90859.0,2795.0,2506.0
2006-10-01,cordoba,417496.0,1650.0,1489.0
2006-10-01,corrientes,59175.0,1450.0,1296.0
2006-10-01,entre_rios,114425.0,1427.0,1281.0
2006-10-01,formosa,19175.0,1387.0,1230.0
2006-10-01,jujuy,44388.0,1512.0,1342.0
2006-10-01,la_pampa,33234.0,1492.0,1330.0
2006-10-01,la_rioja,24765.0,1608.0,1432.0
2006-10-01,mendoza,176901.0,1546.0,1393.0
2006-10-01,misiones,81376.0,1465.0,1308.0
2006-10-01,neuquen,81836.0,2791.0,2528.0
2006-10-01,provincia_buenos_aires,1642924.0,1907.0,1717.0
2006-10-01,rio_negro,82530.0,1721.0,1539.0
2006-10-01,salta,71002.0,1482.0,1324.0
2006-10-01,san_juan,66082.0,1588.0,1437.0
2006-10-01,san_luis,49239.0,1856.0,1658.0
2006-10-01,santa_cruz,48034.0,3047.0,2733.0
2006-10-01,santa_fe,444180.0,1724.0,1553.0
2006-10-01,santiago_estero,35511.0,1298.0,1150.0
2006-10-01,tierra_fuego,27427.0,2930.0,2614.0
2006-10-01,tucuman,121372.0,1420.0,1259.0
2007-01-01,caba,1404666.0,2309.0,2121.0
2007-01-01,catamarca,30301.0,1515.0,1383.0
2007-01-01,chaco,51712.0,1242.0,1115.0
2007-01-01,chubut,92176.0,2641.0,2386.0
2007-01-01,cordoba,424108.0,1509.0,1379.0
2007-01-01,corrientes,59250.0,1324.0,1192.0
2007-01-01,entre_rios,111032.0,1357.0,1233.0
2007-01-01,formosa,20090.0,1233.0,1095.0
2007-01-01,jujuy,43212.0,1299.0,1157.0
2007-01-01,la_pampa,34055.0,1379.0,1238.0
2007-01-01,la_rioja,28265.0,1353.0,1215.0
2007-01-01,mendoza,189073.0,1414.0,1291.0
2007-01-01,misiones,84087.0,1338.0,1199.0
2007-01-01,neuquen,88050.0,2615.0,2393.0
2007-01-01,provincia_buenos_aires,1689680.0,1774.0,1620.0
2007-01-01,rio_negro,102783.0,1646.0,1482.0
2007-01-01,salta,74605.0,1341.0,1206.0
2007-01-01,san_juan,69902.0,1441.0,1325.0
2007-01-01,san_luis,50520.0,1644.0,1484.0
2007-01-01,santa_cruz,52456.0,2983.0,2699.0
2007-01-01,santa_fe,444256.0,1609.0,1469.0
2007-01-01,santiago_estero,35671.0,1192.0,1061.0
2007-01-01,tierra_fuego,27201.0,2560.0,2293.0
2007-01-01,tucuman,113618.0,1333.0,1192.0
2007-04-01,caba,1438034.0,2564.0,2320.0
2007-04-01,catamarca,31829.0,1698.0,1526.0
2007-04-01,chaco,54805.0,1475.0,1315.0
2007-04-01,chubut,93000.0,3191.0,2857.0
2007-04-01,cordoba,432508.0,1796.0,1618.0
2007-04-01,corrientes,63249.0,1552.0,1384.0
2007-04-01,entre_rios,114728.0,1594.0,1431.0
2007-04-01,formosa,20386.0,1485.0,1311.0
2007-04-01,jujuy,41530.0,1641.0,1453.0
2007-04-01,la_pampa,35394.0,1613.0,1435.0
2007-04-01,la_rioja,28042.0,1682.0,1500.0
2007-04-01,mendoza,187525.0,1703.0,1534.0
2007-04-01,misiones,87742.0,1569.0,1396.0
2007-04-01,neuquen,87911.0,3078.0,2779.0
2007-04-01,provincia_buenos_aires,1696548.0,2102.0,1892.0
2007-04-01,rio_negro,87559.0,1932.0,1726.0
2007-04-01,salta,71808.0,1669.0,1487.0
2007-04-01,san_juan,69896.0,1702.0,1537.0
2007-04-01,san_luis,51533.0,2030.0,1810.0
2007-04-01,santa_cruz,54225.0,3763.0,3382.0
2007-04-01,santa_fe,453914.0,1915.0,1724.0
2007-04-01,santiago_estero,37527.0,1435.0,1271.0
2007-04-01,tierra_fuego,28044.0,3186.0,2836.0
2007-04-01,tucuman,139126.0,1475.0,1310.0
2007-07-01,caba,1463837.0,2366.0,2145.0
2007-07-01,catamarca,28745.0,1660.0,1492.0
2007-07-01,chaco,54999.0,1375.0,1231.0
2007-07-01,chubut,93104.0,3067.0,2751.0
2007-07-01,cordoba,437728.0,1658.0,1497.0
2007-07-01,corrientes,64107.0,1435.0,1282.0
2007-07-01,entre_rios,117843.0,1474.0,1325.0
2007-07-01,formosa,21069.0,1405.0,1238.0
2007-07-01,jujuy,44863.0,1619.0,1430.0
2007-07-01,la_pampa,36987.0,1539.0,1371.0
2007-07-01,la_rioja,26202.0,1562.0,1392.0
2007-07-01,mendoza,181979.0,1598.0,1447.0
2007-07-01,misiones,89707.0,1456.0,1297.0
2007-07-01,neuquen,87239.0,3081.0,2784.0
2007-07-01,provincia_buenos_aires,1709719.0,1919.0,1730.0
2007-07-01,rio_negro,85674.0,1843.0,1649.0
2007-07-01,salta,72890.0,1541.0,1375.0
2007-07-01,san_juan,68184.0,1598.0,1449.0
2007-07-01,san_luis,51713.0,1836.0,1643.0
2007-07-01,santa_cruz,51364.0,3517.0,3157.0
2007-07-01,santa_fe,458009.0,1773.0,1599.0
2007-07-01,santiago_estero,39118.0,1323.0,1178.0
2007-07-01,tierra_fuego,28572.0,3091.0,2760.0
2007-07-01,tucuman,146278.0,1389.0,1234.0
2007-10-01,caba,1495535.0,2852.0,2589.0
2007-10-01,catamarca,30239.0,2085.0,1882.0
2007-10-01,chaco,55240.0,1702.0,1522.0
2007-10-01,chubut,95766.0,3636.0,3244.0
2007-10-01,cordoba,454393.0,2053.0,1857.0
2007-10-01,corrientes,64297.0,1797.0,1602.0
2007-10-01,entre_rios,126938.0,1781.0,1600.0
2007-10-01,formosa,21311.0,1698.0,1492.0
2007-10-01,jujuy,47000.0,1881.0,1663.0
2007-10-01,la_pampa,37734.0,1915.0,1706.0
2007-10-01,la_rioja,26357.0,1983.0,1763.0
2007-10-01,mendoza,186849.0,1923.0,1742.0
2007-10-01,misiones,86747.0,1799.0,1601.0
2007-10-01,neuquen,89123.0,3634.0,3279.0
2007-10-01,provincia_buenos_aires,1765330.0,2342.0,2115.0
2007-10-01,rio_negro,87842.0,2199.0,1965.0
2007-10-01,salta,77096.0,1827.0,1627.0
2007-10-01,san_juan,70059.0,1989.0,1804.0
2007-10-01,san_luis,53919.0,2262.0,2019.0
2007-10-01,santa_cruz,54575.0,4130.0,3699.0
2007-10-01,santa_fe,472564.0,2178.0,1967.0
2007-10-01,santiago_estero,39870.0,1632.0,1453.0
2007-10-01,tierra_fuego,30331.0,3903.0,3495.0
2007-10-01,tucuman,142539.0,1651.0,1468.0
2008-01-01,caba,1507651.0,2841.0,2551.0
2008-01-01,catamarca,31827.0,1893.0,1686.0
2008-01-01,chaco,55748.0,1582.0,1391.0
2008-01-01,chubut,96238.0,3383.0,2968.0
2008-01-01,cordoba,462929.0,1908.0,1695.0
2008-01-01,corrientes,64891.00000000001,1669.0,1457.0
2008-01-01,entre_rios,120100.0,1746.0,1538.0
2008-01-01,formosa,20462.0,1578.0,1361.0
2008-01-01,jujuy,45635.0,1646.0,1427.0
2008-01-01,la_pampa,37082.0,1804.0,1570.0
2008-01-01,la_rioja,29269.0,1655.0,1442.0
2008-01-01,mendoza,196136.0,1807.0,1606.0
2008-01-01,misiones,86028.0,1666.0,1447.0
2008-01-01,neuquen,92212.0,3433.0,3064.0
2008-01-01,provincia_buenos_aires,1809044.0,2226.0,1979.0
2008-01-01,rio_negro,108880.0,2071.0,1814.0
2008-01-01,salta,79011.0,1693.0,1480.0
2008-01-01,san_juan,74369.0,1802.0,1597.0
2008-01-01,san_luis,54215.0,2093.0,1836.0
2008-01-01,santa_cruz,55974.0,3877.0,3420.0
2008-01-01,santa_fe,474388.0,2057.0,1826.0
2008-01-01,santiago_estero,40252.0,1513.0,1319.0
2008-01-01,tierra_fuego,28820.0,3332.0,2915.0
2008-01-01,tucuman,136615.0,1586.0,1390.0
2008-04-01,caba,1545664.0,3281.0,2901.0
2008-04-01,catamarca,34132.0,2182.0,1915.0
2008-04-01,chaco,58610.0,1904.0,1650.0
2008-04-01,chubut,97283.0,4330.0,3801.0
2008-04-01,cordoba,470323.0,2321.0,2030.0
2008-04-01,corrientes,66548.0,2037.0,1761.0
2008-04-01,entre_rios,123129.0,2099.0,1823.0
2008-04-01,formosa,20882.0,1965.0,1678.0
2008-04-01,jujuy,43831.0,2149.0,1852.0
2008-04-01,la_pampa,36910.0,2221.0,1911.0
2008-04-01,la_rioja,29566.0,2089.0,1804.0
2008-04-01,mendoza,193308.0,2215.0,1943.0
2008-04-01,misiones,89866.0,1981.0,1701.0
2008-04-01,neuquen,90176.0,4325.0,3840.0
2008-04-01,provincia_buenos_aires,1815811.0,2716.0,2379.0
2008-04-01,rio_negro,93426.0,2571.0,2234.0
2008-04-01,salta,76091.0,2178.0,1888.0
2008-04-01,san_juan,75049.0,2200.0,1916.0
2008-04-01,san_luis,54266.0,2572.0,2225.0
2008-04-01,santa_cruz,56942.0,5150.0,4555.0
2008-04-01,santa_fe,481821.0,2493.0,2178.0
2008-04-01,santiago_estero,41978.0,1860.0,1604.0
2008-04-01,tierra_fuego,29820.0,4237.0,3698.0
2008-04-01,tucuman,168635.0,1837.0,1587.0
2008-07-01,caba,1556327.0,3045.0,2686.0
2008-07-01,catamarca,30655.0,2155.0,1884.0
2008-07-01,chaco,59770.0,1805.0,1566.0
2008-07-01,chubut,96463.0,4149.0,3643.0
2008-07-01,cordoba,472788.0,2192.0,1919.0
2008-07-01,corrientes,66738.0,1912.0,1654.0
2008-07-01,entre_rios,124550.0,1969.0,1712.0
2008-07-01,formosa,20513.0,1880.0,1610.0
2008-07-01,jujuy,47433.0,2070.0,1782.0
2008-07-01,la_pampa,36359.0,2143.0,1851.0
2008-07-01,la_rioja,26560.0,2020.0,1746.0
2008-07-01,mendoza,186759.0,2149.0,1889.0
2008-07-01,misiones,90228.0,1869.0,1610.0
2008-07-01,neuquen,91425.0,4215.0,3751.0
2008-07-01,provincia_buenos_aires,1826774.0,2536.0,2221.0
2008-07-01,rio_negro,90540.0,2479.0,2158.0
2008-07-01,salta,77444.0,2026.0,1755.0
2008-07-01,san_juan,72873.0,2095.0,1831.0
2008-07-01,san_luis,54498.0,2423.0,2097.0
2008-07-01,santa_cruz,54005.0,4997.0,4427.0
2008-07-01,santa_fe,481530.0,2358.0,2061.0
2008-07-01,santiago_estero,43357.0,1752.0,1515.0
2008-07-01,tierra_fuego,30169.0,4219.0,3680.0
2008-07-01,tucuman,166821.0,1759.0,1523.0
2008-10-01,caba,1559693.0,3695.0,3249.0
2008-10-01,catamarca,31072.0,2720.0,2377.0
2008-10-01,chaco,60964.0,2185.0,1893.0
2008-10-01,chubut,97253.0,5299.0,4671.0
2008-10-01,cordoba,479256.0,2665.0,2325.0
2008-10-01,corrientes,67024.0,2326.0,2006.0
2008-10-01,entre_rios,132214.0,2299.0,1997.0
2008-10-01,formosa,21169.0,2308.0,1983.0
2008-10-01,jujuy,48759.0,2402.0,2067.0
2008-10-01,la_pampa,36709.0,2550.0,2197.0
2008-10-01,la_rioja,25685.0,2540.0,2181.0
2008-10-01,mendoza,189510.0,2533.0,2218.0
2008-10-01,misiones,86993.0,2294.0,1971.0
2008-10-01,neuquen,93115.0,4820.0,4263.0
2008-10-01,provincia_buenos_aires,1850767.0,3094.0,2704.0
2008-10-01,rio_negro,91820.0,2873.0,2491.0
2008-10-01,salta,82298.0,2361.0,2039.0
2008-10-01,san_juan,74984.0,2506.0,2176.0
2008-10-01,san_luis,55834.0,2964.0,2558.0
2008-10-01,santa_cruz,55585.0,5714.0,5030.0
2008-10-01,santa_fe,486990.0,2835.0,2466.0
2008-10-01,santiago_estero,44291.0,2096.0,1811.0
2008-10-01,tierra_fuego,30402.0,5199.0,4528.0
2008-10-01,tucuman,154105.0,2127.0,1844.0
2009-01-01,caba,1517619.0,3566.0,3161.0
2009-01-01,catamarca,30947.0,2359.0,2070.0
2009-01-01,chaco,60739.0,1922.0,1669.0
2009-01-01,chubut,94265.0,4545.0,3993.0
2009-01-01,cordoba,467537.0,2387.0,2092.0
2009-01-01,corrientes,64572.99999999999,2113.0,1829.0
2009-01-01,entre_rios,121461.0,2175.0,1896.0
2009-01-01,formosa,20696.0,2019.0,1730.0
2009-01-01,jujuy,46982.0,2052.0,1765.0
2009-01-01,la_pampa,36125.0,2310.0,1999.0
2009-01-01,la_rioja,28479.0,2068.0,1776.0
2009-01-01,mendoza,195842.0,2240.0,1966.0
2009-01-01,misiones,85376.0,2054.0,1766.0
2009-01-01,neuquen,94035.0,4334.0,3848.0
2009-01-01,provincia_buenos_aires,1825252.0,2790.0,2451.0
2009-01-01,rio_negro,111926.0,2598.0,2252.0
2009-01-01,salta,83426.0,2102.0,1815.0
2009-01-01,san_juan,76400.0,2244.0,1955.0
2009-01-01,san_luis,53282.0,2605.0,2258.0
2009-01-01,santa_cruz,55476.0,5169.0,4542.0
2009-01-01,santa_fe,470586.0,2559.0,2238.0
2009-01-01,santiago_estero,43072.0,1880.0,1626.0
2009-01-01,tierra_fuego,27418.0,4292.0,3731.0
2009-01-01,tucuman,136423.0,1986.0,1728.0
2009-04-01,caba,1501964.0,4048.0,3548.0
2009-04-01,catamarca,30568.0,2687.0,2330.0
2009-04-01,chaco,62577.0,2308.0,2003.0
2009-04-01,chubut,91556.0,5297.0,4628.0
2009-04-01,cordoba,460205.0,2868.0,2496.0
2009-04-01,corrientes,65007.99999999999,2477.0,2133.0
2009-04-01,entre_rios,123704.0,2552.0,2213.0
2009-04-01,formosa,20975.0,2451.0,2099.0
2009-04-01,jujuy,44639.0,2598.0,2235.0
2009-04-01,la_pampa,35887.0,2757.0,2378.0
2009-04-01,la_rioja,27108.0,2471.0,2116.0
2009-04-01,mendoza,186013.0,2703.0,2359.0
2009-04-01,misiones,89726.0,2388.0,2048.0
2009-04-01,neuquen,87241.0,5131.0,4542.0
2009-04-01,provincia_buenos_aires,1783424.0,3280.0,2859.0
2009-04-01,rio_negro,92653.0,3115.0,2699.0
2009-04-01,salta,78101.0,2629.0,2265.0
2009-04-01,san_juan,74435.0,2640.0,2282.0
2009-04-01,san_luis,52250.0,3093.0,2667.0
2009-04-01,santa_cruz,53334.0,6314.0,5538.0
2009-04-01,santa_fe,465908.0,3031.0,2635.0
2009-04-01,santiago_estero,43733.0,2247.0,1942.0
2009-04-01,tierra_fuego,26121.0,5205.0,4522.0
2009-04-01,tucuman,160254.0,2234.0,1936.0
2009-07-01,caba,1500046.0,3658.0,3207.0
2009-07-01,catamarca,28954.0,2509.0,2181.0
2009-07-01,chaco,62523.0,2075.0,1805.0
2009-07-01,chubut,90146.0,5274.0,4677.0
2009-07-01,cordoba,459399.0,2574.0,2242.0
2009-07-01,corrientes,65325.99999999999,2202.0,1902.0
2009-07-01,entre_rios,125276.0,2309.0,2006.0
2009-07-01,formosa,22059.0,2178.0,1868.0
2009-07-01,jujuy,48920.0,2446.0,2112.0
2009-07-01,la_pampa,36270.0,2467.0,2136.0
2009-07-01,la_rioja,26102.0,2333.0,2006.0
2009-07-01,mendoza,180907.0,2488.0,2177.0
2009-07-01,misiones,90103.0,2160.0,1855.0
2009-07-01,neuquen,86477.0,4897.0,4363.0
2009-07-01,provincia_buenos_aires,1783135.0,3005.0,2625.0
2009-07-01,rio_negro,89540.0,2864.0,2493.0
2009-07-01,salta,78957.0,2395.0,2069.0
2009-07-01,san_juan,72266.0,2432.0,2116.0
2009-07-01,san_luis,52583.0,2834.0,2451.0
2009-07-01,santa_cruz,51620.0,6211.0,5526.0
2009-07-01,santa_fe,463526.0,2771.0,2415.0
2009-07-01,santiago_estero,44419.0,2046.0,1770.0
2009-07-01,tierra_fuego,26023.0,4877.0,4261.0
2009-07-01,tucuman,164029.0,2061.0,1786.0
2009-10-01,caba,1513898.0,4349.0,3806.0
2009-10-01,catamarca,29984.0,3100.0,2693.0
2009-10-01,chaco,60404.0,2550.0,2214.0
2009-10-01,chubut,91244.0,6160.0,5434.0
2009-10-01,cordoba,468423.0,3144.0,2733.0
2009-10-01,corrientes,66547.0,2669.0,2303.0
2009-10-01,entre_rios,133894.0,2659.0,2306.0
2009-10-01,formosa,21887.0,2620.0,2246.0
2009-10-01,jujuy,50678.0,2820.0,2436.0
2009-10-01,la_pampa,36591.0,2972.0,2569.0
2009-10-01,la_rioja,25969.0,2926.0,2515.0
2009-10-01,mendoza,183824.0,2976.0,2598.0
2009-10-01,misiones,86609.0,2754.0,2372.0
2009-10-01,neuquen,86551.0,5816.0,5163.0
2009-10-01,provincia_buenos_aires,1819339.0,3632.0,3161.0
2009-10-01,rio_negro,91925.0,3347.0,2906.0
2009-10-01,salta,84765.0,2756.0,2375.0
2009-10-01,san_juan,73105.0,2870.0,2490.0
2009-10-01,san_luis,54495.0,3477.0,2994.0
2009-10-01,santa_cruz,52705.0,6925.0,6100.0
2009-10-01,santa_fe,473154.0,3336.0,2897.0
2009-10-01,santiago_estero,43765.0,2464.0,2128.0
2009-10-01,tierra_fuego,28305.0,6112.0,5322.0
2009-10-01,tucuman,153465.0,2473.0,2143.0
2010-01-01,caba,1519830.0,4284.0,3793.0
2010-01-01,catamarca,31393.0,2704.0,2354.0
2010-01-01,chaco,59473.0,2444.0,2135.0
2010-01-01,chubut,91721.0,5715.0,5066.0
2010-01-01,cordoba,478456.0,2922.0,2555.0
2010-01-01,corrientes,65606.0,2477.0,2145.0
2010-01-01,entre_rios,123919.0,2641.0,2300.0
2010-01-01,formosa,21909.0,2473.0,2133.0
2010-01-01,jujuy,49645.0,2501.0,2161.0
2010-01-01,la_pampa,35859.0,2825.0,2451.0
2010-01-01,la_rioja,31380.0,2387.0,2056.0
2010-01-01,mendoza,194824.0,2745.0,2400.0
2010-01-01,misiones,86766.0,2470.0,2131.0
2010-01-01,neuquen,89940.0,5358.0,4772.0
2010-01-01,provincia_buenos_aires,1844804.0,3388.0,2968.0
2010-01-01,rio_negro,111606.0,3124.0,2714.0
2010-01-01,salta,86992.0,2596.0,2249.0
2010-01-01,san_juan,76235.0,2682.0,2329.0
2010-01-01,san_luis,55789.0,3171.0,2735.0
2010-01-01,santa_cruz,54204.0,6424.0,5689.0
2010-01-01,santa_fe,471998.0,3147.0,2739.0
2010-01-01,santiago_estero,43971.0,2310.0,2003.0
2010-01-01,tierra_fuego,28799.0,5277.0,4586.0
2010-01-01,tucuman,136124.0,2455.0,2141.0
2010-04-01,caba,1526244.0,4924.0,4322.0
2010-04-01,catamarca,33575.0,3228.0,2788.0
2010-04-01,chaco,60508.0,3007.0,2606.0
2010-04-01,chubut,91107.0,7044.0,6247.0
2010-04-01,cordoba,480700.0,3544.0,3066.0
2010-04-01,corrientes,66364.0,2968.0,2557.0
2010-04-01,entre_rios,127223.0,3203.0,2765.0
2010-04-01,formosa,22422.0,2961.0,2550.0
2010-04-01,jujuy,50056.0,3327.0,2872.0
2010-04-01,la_pampa,35435.0,3462.0,2995.0
2010-04-01,la_rioja,30923.0,3032.0,2603.0
2010-04-01,mendoza,234378.0,3420.0,2971.0
2010-04-01,misiones,90919.0,2967.0,2548.0
2010-04-01,neuquen,86645.0,6678.0,5956.0
2010-04-01,provincia_buenos_aires,1836345.0,4098.0,3564.0
2010-04-01,rio_negro,96241.0,3799.0,3301.0
2010-04-01,salta,105092.0,3240.0,2804.0
2010-04-01,san_juan,75590.0,3288.0,2834.0
2010-04-01,san_luis,55175.0,3959.0,3396.0
2010-04-01,santa_cruz,52847.0,8028.0,7130.0
2010-04-01,santa_fe,476965.0,3837.0,3317.0
2010-04-01,santiago_estero,46369.0,2767.0,2388.0
2010-04-01,tierra_fuego,29673.0,6656.0,5812.0
2010-04-01,tucuman,159442.0,2854.0,2475.0
2010-07-01,caba,1538767.0,4558.0,3989.0
2010-07-01,catamarca,30463.0,3279.0,2837.0
2010-07-01,chaco,61315.0,2912.0,2546.0
2010-07-01,chubut,92453.0,6645.0,5917.0
2010-07-01,cordoba,482278.0,3337.0,2890.0
2010-07-01,corrientes,66164.0,2813.0,2436.0
2010-07-01,entre_rios,129711.00000000001,3018.0,2602.0
2010-07-01,formosa,23280.0,2794.0,2434.0
2010-07-01,jujuy,53310.0,3123.0,2700.0
2010-07-01,la_pampa,34778.0,3287.0,2845.0
2010-07-01,la_rioja,27552.0,2994.0,2584.0
2010-07-01,mendoza,228081.0,3225.0,2809.0
2010-07-01,misiones,91716.0,2812.0,2423.0
2010-07-01,neuquen,87575.0,6229.0,5559.0
2010-07-01,provincia_buenos_aires,1853024.0,3864.0,3343.0
2010-07-01,rio_negro,92954.0,3690.0,3226.0
2010-07-01,salta,106357.0,3010.0,2622.0
2010-07-01,san_juan,75289.0,3089.0,2668.0
2010-07-01,san_luis,54877.0,3717.0,3193.0
2010-07-01,santa_cruz,52986.0,7827.0,7003.0
2010-07-01,santa_fe,480168.0,3583.0,3084.0
2010-07-01,santiago_estero,48030.0,2632.0,2284.0
2010-07-01,tierra_fuego,30787.0,6711.0,5897.0
2010-07-01,tucuman,164219.0,2731.0,2365.0
2010-10-01,caba,1564606.0,5639.0,4943.0
2010-10-01,catamarca,30720.0,4149.0,3598.0
2010-10-01,chaco,62448.0,3585.0,3135.0
2010-10-01,chubut,95166.0,7881.0,6993.0
2010-10-01,cordoba,494601.0,4152.0,3596.0
2010-10-01,corrientes,67582.0,3539.0,3062.0
2010-10-01,entre_rios,136459.0,3619.0,3118.0
2010-10-01,formosa,24236.0,3431.0,2980.0
2010-10-01,jujuy,56181.0,3754.0,3246.0
2010-10-01,la_pampa,35331.0,4078.0,3532.0
2010-10-01,la_rioja,28132.0,3838.0,3308.0
2010-10-01,mendoza,235618.0,3921.0,3406.0
2010-10-01,misiones,89741.0,3569.0,3077.0
2010-10-01,neuquen,89360.0,7572.0,6736.0
2010-10-01,provincia_buenos_aires,1896626.0,4744.0,4106.0
2010-10-01,rio_negro,94413.0,4386.0,3822.0
2010-10-01,salta,110945.0,3596.0,3128.0
2010-10-01,san_juan,79021.0,3787.0,3264.0
2010-10-01,san_luis,56581.0,4560.0,3918.0
2010-10-01,santa_cruz,55513.0,8975.0,7991.0
2010-10-01,santa_fe,491412.0,4414.0,3800.0
2010-10-01,santiago_estero,47447.0,3232.0,2802.0
2010-10-01,tierra_fuego,33239.0,8610.0,7599.0
2010-10-01,tucuman,154097.0,3384.0,2933.0
2011-01-01,caba,1564843.0,5559.0,4908.0
2011-01-01,catamarca,32700.000000000004,3594.0,3124.0
2011-01-01,chaco,62825.0,3320.0,2904.0
2011-01-01,chubut,96741.0,7488.0,6671.0
2011-01-01,cordoba,502975.0,3898.0,3384.0
2011-01-01,corrientes,68258.0,3277.0,2834.0
2011-01-01,entre_rios,129511.0,3542.0,3053.0
2011-01-01,formosa,24321.0,3207.0,2789.0
2011-01-01,jujuy,56027.0,3352.0,2906.0
2011-01-01,la_pampa,36221.0,3830.0,3321.0
2011-01-01,la_rioja,33707.0,3160.0,2734.0
2011-01-01,mendoza,253099.0,3628.0,3158.0
2011-01-01,misiones,92536.0,3375.0,2919.0
2011-01-01,neuquen,93441.0,7099.0,6319.0
2011-01-01,provincia_buenos_aires,1938410.0,4505.0,3917.0
2011-01-01,rio_negro,114562.0,4107.0,3568.0
2011-01-01,salta,113180.0,3341.0,2912.0
2011-01-01,san_juan,83884.0,3654.0,3162.0
2011-01-01,san_luis,57015.0,4209.0,3625.0
2011-01-01,santa_cruz,58668.0,8515.0,7592.0
2011-01-01,santa_fe,492783.0,4201.0,3623.0
2011-01-01,santiago_estero,47085.0,3030.0,2633.0
2011-01-01,tierra_fuego,32790.0,7295.0,6406.0
2011-01-01,tucuman,145201.0,3282.0,2856.0
2011-04-01,caba,1575564.0,6423.0,5629.0
2011-04-01,catamarca,33905.0,4205.0,3631.0
2011-04-01,chaco,66401.0,4060.0,3546.0
2011-04-01,chubut,95946.0,9504.0,8491.0
2011-04-01,cordoba,507628.0,4729.0,4092.0
2011-04-01,corrientes,69916.0,4007.0,3463.0
2011-04-01,entre_rios,134193.0,4258.0,3662.0
2011-04-01,formosa,25522.0,3934.0,3409.0
2011-04-01,jujuy,52422.0,4472.0,3869.0
2011-04-01,la_pampa,37277.0,4564.0,3950.0
2011-04-01,la_rioja,33891.0,3958.0,3415.0
2011-04-01,mendoza,250211.0,4524.0,3939.0
2011-04-01,misiones,99169.0,3927.0,3380.0
2011-04-01,neuquen,90147.0,9356.0,8387.0
2011-04-01,provincia_buenos_aires,1922667.0,5466.0,4733.0
2011-04-01,rio_negro,101111.0,5159.0,4502.0
2011-04-01,salta,110644.0,4146.0,3603.0
2011-04-01,san_juan,84871.0,4531.0,3914.0
2011-04-01,san_luis,56588.0,5200.0,4467.0
2011-04-01,santa_cruz,58785.0,11085.0,9937.0
2011-04-01,santa_fe,501814.0,5076.0,4366.0
2011-04-01,santiago_estero,49215.0,3759.0,3261.0
2011-04-01,tierra_fuego,34401.0,9109.0,8022.0
2011-04-01,tucuman,167576.0,3819.0,3310.0
2011-07-01,caba,1587643.0,5965.0,5213.0
2011-07-01,catamarca,31110.0,4415.0,3819.0
2011-07-01,chaco,67338.0,3932.0,3441.0
2011-07-01,chubut,95834.0,9022.0,8053.0
2011-07-01,cordoba,511232.0,4441.0,3836.0
2011-07-01,corrientes,70961.0,3734.0,3224.0
2011-07-01,entre_rios,137043.0,3962.0,3403.0
2011-07-01,formosa,26844.0,3745.0,3251.0
2011-07-01,jujuy,55099.0,4304.0,3712.0
2011-07-01,la_pampa,37546.0,4309.0,3733.0
2011-07-01,la_rioja,29452.0,3906.0,3367.0
2011-07-01,mendoza,244753.0,4310.0,3749.0
2011-07-01,misiones,99990.0,3697.0,3177.0
2011-07-01,neuquen,91051.0,8289.0,7381.0
2011-07-01,provincia_buenos_aires,1938008.0,5062.0,4374.0
2011-07-01,rio_negro,99633.0,4878.0,4262.0
2011-07-01,salta,112645.0,3880.0,3368.0
2011-07-01,san_juan,85300.0,4339.0,3753.0
2011-07-01,san_luis,56818.0,4843.0,4157.0
2011-07-01,santa_cruz,58226.0,10419.0,9327.0
2011-07-01,santa_fe,506353.0,4736.0,4067.0
2011-07-01,santiago_estero,49956.0,3571.0,3097.0
2011-07-01,tierra_fuego,36344.0,9072.0,7953.0
2011-07-01,tucuman,171507.0,3688.0,3189.0
2011-10-01,caba,1600174.0,7260.0,6315.0
2011-10-01,catamarca,31531.0,5542.0,4791.0
2011-10-01,chaco,67827.0,4755.0,4149.0
2011-10-01,chubut,97486.0,10728.0,9497.0
2011-10-01,cordoba,520801.00000000006,5469.0,4710.0
2011-10-01,corrientes,72425.0,4630.0,3977.0
2011-10-01,entre_rios,144983.0,4752.0,4068.0
2011-10-01,formosa,26810.0,4678.0,4043.0
2011-10-01,jujuy,59108.0,5205.0,4487.0
2011-10-01,la_pampa,37781.0,5375.0,4638.0
2011-10-01,la_rioja,29027.0,5031.0,4316.0
2011-10-01,mendoza,249553.0,5182.0,4486.0
2011-10-01,misiones,97798.0,4647.0,3981.0
2011-10-01,neuquen,92165.0,10023.0,8883.0
2011-10-01,provincia_buenos_aires,1977892.0,6281.0,5419.0
2011-10-01,rio_negro,101378.0,5953.0,5184.0
2011-10-01,salta,117372.0,4672.0,4038.0
2011-10-01,san_juan,87985.0,5390.0,4640.0
2011-10-01,san_luis,58305.0,6096.0,5229.0
2011-10-01,santa_cruz,61056.0,12100.0,10749.0
2011-10-01,santa_fe,514894.0,5801.0,4967.0
2011-10-01,santiago_estero,49370.0,4320.0,3735.0
2011-10-01,tierra_fuego,38287.0,11662.0,10257.0
2011-10-01,tucuman,165514.0,4511.0,3883.0
2012-01-01,caba,1591317.0,7207.0,6322.0
2012-01-01,catamarca,31030.0,5063.0,4383.0
2012-01-01,chaco,68459.0,4480.0,3922.0
2012-01-01,chubut,96704.0,9828.0,8688.0
2012-01-01,cordoba,517664.0,5113.0,4418.0
2012-01-01,corrientes,71510.0,4369.0,3760.0
2012-01-01,entre_rios,137461.0,4615.0,3952.0
2012-01-01,formosa,26832.0,4254.0,3677.0
2012-01-01,jujuy,58752.0,4524.0,3900.0
2012-01-01,la_pampa,36578.0,5118.0,4433.0
2012-01-01,la_rioja,32273.000000000004,4333.0,3725.0
2012-01-01,mendoza,261623.0,4842.0,4208.0
2012-01-01,misiones,97138.0,4285.0,3674.0
2012-01-01,neuquen,94391.0,9247.0,8179.0
2012-01-01,provincia_buenos_aires,2009541.0,5918.0,5127.0
2012-01-01,rio_negro,114617.0,5370.0,4665.0
2012-01-01,salta,114603.0,4382.0,3791.0
2012-01-01,san_juan,90563.0,5418.0,4689.0
2012-01-01,san_luis,58773.0,5627.0,4835.0
2012-01-01,santa_cruz,62744.0,10881.0,9639.0
2012-01-01,santa_fe,510193.0,5498.0,4723.0
2012-01-01,santiago_estero,48171.0,4052.0,3508.0
2012-01-01,tierra_fuego,36742.0,9717.0,8578.0
2012-01-01,tucuman,154992.0,4364.0,3770.0
2012-04-01,caba,1580561.0,8347.0,7233.0
2012-04-01,catamarca,31278.0,6399.0,5546.0
2012-04-01,chaco,70425.0,5430.0,4746.0
2012-04-01,chubut,94928.0,11676.0,10211.0
2012-04-01,cordoba,509384.0,6248.0,5353.0
2012-04-01,corrientes,71524.0,5332.0,4554.0
2012-04-01,entre_rios,137471.0,5586.0,4751.0
2012-04-01,formosa,26196.0,5248.0,4513.0
2012-04-01,jujuy,52960.0,5850.0,5022.0
2012-04-01,la_pampa,36420.0,6077.0,5201.0
2012-04-01,la_rioja,30504.0,5446.0,4642.0
2012-04-01,mendoza,257570.0,5970.0,5151.0
2012-04-01,misiones,101324.0,5115.0,4354.0
2012-04-01,neuquen,91627.0,11261.0,9869.0
2012-04-01,provincia_buenos_aires,1973092.0,7089.0,6087.0
2012-04-01,rio_negro,102454.0,6769.0,5847.0
2012-04-01,salta,109232.0,5440.0,4675.0
2012-04-01,san_juan,90339.0,6713.0,5779.0
2012-04-01,san_luis,58388.0,6742.0,5746.0
2012-04-01,santa_cruz,61829.0,13499.0,11874.0
2012-04-01,santa_fe,511605.0,6630.0,5646.0
2012-04-01,santiago_estero,48620.0,4909.0,4223.0
2012-04-01,tierra_fuego,37995.0,11720.0,10247.0
2012-04-01,tucuman,171280.0,5061.0,4348.0
2012-07-01,caba,1572169.0,7662.0,6646.0
2012-07-01,catamarca,30662.0,5869.0,5071.0
2012-07-01,chaco,70156.0,5149.0,4527.0
2012-07-01,chubut,95275.0,11204.0,9869.0
2012-07-01,cordoba,506219.0,5725.0,4915.0
2012-07-01,corrientes,71277.0,4971.0,4264.0
2012-07-01,entre_rios,137047.0,5169.0,4407.0
2012-07-01,formosa,25675.0,5029.0,4319.0
2012-07-01,jujuy,54894.0,5491.0,4715.0
2012-07-01,la_pampa,36140.0,5726.0,4918.0
2012-07-01,la_rioja,28740.0,5330.0,4568.0
2012-07-01,mendoza,249146.0,5771.0,4981.0
2012-07-01,misiones,100683.0,4863.0,4154.0
2012-07-01,neuquen,92610.0,10449.0,9185.0
2012-07-01,provincia_buenos_aires,1964120.0,6542.0,5626.0
2012-07-01,rio_negro,101472.0,6480.0,5598.0
2012-07-01,salta,110223.0,5032.0,4339.0
2012-07-01,san_juan,90522.0,6459.0,5577.0
2012-07-01,san_luis,57553.0,6295.0,5386.0
2012-07-01,santa_cruz,60115.0,13095.0,11586.0
2012-07-01,santa_fe,506297.0,6096.0,5205.0
2012-07-01,santiago_estero,49145.0,4677.0,4041.0
2012-07-01,tierra_fuego,39160.0,12047.0,10588.0
2012-07-01,tucuman,174547.0,4753.0,4086.0
2012-10-01,caba,1586763.0,9251.0,8001.0
2012-10-01,catamarca,31710.0,7305.0,6302.0
2012-10-01,chaco,70100.0,6229.0,5458.0
2012-10-01,chubut,97600.0,13430.0,11792.0
2012-10-01,cordoba,515672.0,7127.0,6106.0
2012-10-01,corrientes,71994.0,6194.0,5302.0
2012-10-01,entre_rios,144570.0,6160.0,5240.0
2012-10-01,formosa,25799.0,6061.0,5186.0
2012-10-01,jujuy,58579.0,6524.0,5611.0
2012-10-01,la_pampa,36870.0,7000.0,5988.0
2012-10-01,la_rioja,29052.0,6777.0,5778.0
2012-10-01,mendoza,253022.0,6925.0,5960.0
2012-10-01,misiones,98614.0,6477.0,5577.0
2012-10-01,neuquen,94572.0,12905.0,11327.0
2012-10-01,provincia_buenos_aires,1997199.0,7965.0,6834.0
2012-10-01,rio_negro,103680.0,7722.0,6654.0
2012-10-01,salta,114466.0,6043.0,5196.0
2012-10-01,san_juan,93079.0,7694.0,6614.0
2012-10-01,san_luis,58132.0,7810.0,6670.0
2012-10-01,santa_cruz,61667.0,15411.0,13538.0
2012-10-01,santa_fe,513006.99999999994,7457.0,6355.0
2012-10-01,santiago_estero,49327.0,5657.0,4863.0
2012-10-01,tierra_fuego,41329.0,15640.0,13792.0
2012-10-01,tucuman,162809.0,5952.0,5098.0
2013-01-01,caba,1581939.0,9171.0,8002.0
2013-01-01,catamarca,32313.000000000004,6433.0,5548.0
2013-01-01,chaco,69588.0,5721.0,5008.0
2013-01-01,chubut,96895.0,12314.0,10835.0
2013-01-01,cordoba,517700.00000000006,6618.0,5680.0
2013-01-01,corrientes,71480.0,5680.0,4860.0
2013-01-01,entre_rios,137536.0,5924.0,5036.0
2013-01-01,formosa,25676.0,5554.0,4754.0
2013-01-01,jujuy,57847.0,5864.0,5091.0
2013-01-01,la_pampa,37392.0,6481.0,5551.0
2013-01-01,la_rioja,34718.0,5342.0,4558.0
2013-01-01,mendoza,268233.0,6128.0,5296.0
2013-01-01,misiones,100489.0,5551.0,4737.0
2013-01-01,neuquen,99160.0,11950.0,10512.0
2013-01-01,provincia_buenos_aires,2019352.0,7471.0,6436.0
2013-01-01,rio_negro,117101.0,6945.0,5973.0
2013-01-01,salta,113446.0,5653.0,4900.0
2013-01-01,san_juan,96907.0,7464.0,6459.0
2013-01-01,san_luis,58243.0,7252.0,6223.0
2013-01-01,santa_cruz,63200.0,14364.0,12652.0
2013-01-01,santa_fe,511701.0,6988.0,5968.0
2013-01-01,santiago_estero,49225.0,5210.0,4485.0
2013-01-01,tierra_fuego,40594.0,12118.0,10546.0
2013-01-01,tucuman,155250.0,5638.0,4838.0
2013-04-01,caba,1573346.0,10589.0,9163.0
2013-04-01,catamarca,33467.0,7556.0,6489.0
2013-04-01,chaco,72047.0,6896.0,6039.0
2013-04-01,chubut,95099.0,14869.0,13022.0
2013-04-01,cordoba,514174.0,7948.0,6795.0
2013-04-01,corrientes,71481.0,6878.0,5877.0
2013-04-01,entre_rios,138024.0,7102.0,6026.0
2013-04-01,formosa,26033.0,6801.0,5822.0
2013-04-01,jujuy,54014.0,7342.0,6313.0
2013-04-01,la_pampa,37441.0,7799.0,6666.0
2013-04-01,la_rioja,33378.0,6801.0,5790.0
2013-04-01,mendoza,262535.0,7466.0,6441.0
2013-04-01,misiones,105831.0,6468.0,5503.0
2013-04-01,neuquen,96236.0,14871.0,13065.0
2013-04-01,provincia_buenos_aires,1989562.0,8946.0,7674.0
2013-04-01,rio_negro,106358.0,8735.0,7507.0
2013-04-01,salta,107930.0,6926.0,5952.0
2013-04-01,san_juan,96688.0,9091.0,7832.0
2013-04-01,san_luis,58395.0,8708.0,7432.0
2013-04-01,santa_cruz,62184.0,17430.0,15314.0
2013-04-01,santa_fe,515065.00000000006,8428.0,7181.0
2013-04-01,santiago_estero,50677.0,6174.0,5294.0
2013-04-01,tierra_fuego,40887.0,14587.0,12687.0
2013-04-01,tucuman,172181.0,6398.0,5481.0
2013-07-01,caba,1576303.0,9636.0,8340.0
2013-07-01,catamarca,32537.0,7432.0,6391.0
2013-07-01,chaco,75050.0,6453.0,5670.0
2013-07-01,chubut,95919.0,13872.0,12185.0
2013-07-01,cordoba,514621.0,7280.0,6238.0
2013-07-01,corrientes,71700.0,6323.0,5417.0
2013-07-01,entre_rios,139098.0,6529.0,5556.0
2013-07-01,formosa,26740.0,6296.0,5408.0
2013-07-01,jujuy,56298.0,7127.0,6176.0
2013-07-01,la_pampa,37455.0,7226.0,6195.0
2013-07-01,la_rioja,30857.0,6740.0,5756.0
2013-07-01,mendoza,249500.0,6969.0,6004.0
2013-07-01,misiones,106089.0,6079.0,5190.0
2013-07-01,neuquen,98954.0,13874.0,12215.0
2013-07-01,provincia_buenos_aires,1990431.0,8195.0,7036.0
2013-07-01,rio_negro,106451.0,8222.0,7092.0
2013-07-01,salta,110384.0,6455.0,5575.0
2013-07-01,san_juan,92554.0,8210.0,7101.0
2013-07-01,san_luis,58373.0,7954.0,6806.0
2013-07-01,santa_cruz,60746.0,16816.0,14866.0
2013-07-01,santa_fe,513719.00000000006,7748.0,6606.0
2013-07-01,santiago_estero,50953.0,5881.0,5065.0
2013-07-01,tierra_fuego,41941.0,14977.0,13219.0
2013-07-01,tucuman,171495.0,5977.0,5126.0
2013-10-01,caba,1587278.0,11732.0,10153.0
2013-10-01,catamarca,32514.000000000004,9345.0,8046.0
2013-10-01,chaco,100739.0,8281.0,7576.0
2013-10-01,chubut,99343.0,16124.0,14102.0
2013-10-01,cordoba,519517.00000000006,9050.0,7758.0
2013-10-01,corrientes,72588.0,7734.0,6624.0
2013-10-01,entre_rios,142686.0,7857.0,6682.0
2013-10-01,formosa,28015.0,7678.0,6578.0
2013-10-01,jujuy,59825.0,8202.0,7121.0
2013-10-01,la_pampa,37336.0,8808.0,7543.0
2013-10-01,la_rioja,30250.0,8551.0,7308.0
2013-10-01,mendoza,250403.0,8324.0,7161.0
2013-10-01,misiones,103584.0,7445.0,6352.0
2013-10-01,neuquen,101363.0,16755.0,14730.0
2013-10-01,provincia_buenos_aires,2012671.0,10024.0,8604.0
2013-10-01,rio_negro,107083.0,9835.0,8478.0
2013-10-01,salta,117939.0,7575.0,6562.0
2013-10-01,san_juan,91699.0,9641.0,8345.0
2013-10-01,san_luis,59492.0,9782.0,8371.0
2013-10-01,santa_cruz,62222.0,19371.0,17035.0
2013-10-01,santa_fe,518828.99999999994,9461.0,8074.0
2013-10-01,santiago_estero,52277.0,7170.0,6159.0
2013-10-01,tierra_fuego,43299.0,19541.0,17198.0
2013-10-01,tucuman,158455.0,7559.0,6472.0
2014-01-01,caba,1574764.0,11831.0,10325.0
2014-01-01,catamarca,32131.0,8269.0,7112.0
2014-01-01,chaco,74463.0,7255.0,6353.0
2014-01-01,chubut,99539.0,15667.0,13813.0
2014-01-01,cordoba,515707.0,8421.0,7213.0
2014-01-01,corrientes,71772.0,7257.0,6206.0
2014-01-01,entre_rios,137460.0,7542.0,6406.0
2014-01-01,formosa,27686.0,7146.0,6107.0
2014-01-01,jujuy,59576.0,7299.0,6363.0
2014-01-01,la_pampa,36470.0,8461.0,7241.0
2014-01-01,la_rioja,32923.0,7203.0,6167.0
2014-01-01,mendoza,261317.0,7695.0,6648.0
2014-01-01,misiones,102270.0,6904.0,5882.0
2014-01-01,neuquen,106899.0,16394.0,14526.0
2014-01-01,provincia_buenos_aires,2017649.0,9536.0,8220.0
2014-01-01,rio_negro,118430.0,8989.0,7725.0
2014-01-01,salta,118875.0,7130.0,6198.0
2014-01-01,san_juan,88933.0,8518.0,7349.0
2014-01-01,san_luis,59985.0,8771.0,7513.0
2014-01-01,santa_cruz,62984.0,18802.0,16659.0
2014-01-01,santa_fe,510823.0,8910.0,7601.0
2014-01-01,santiago_estero,51876.0,6705.0,5744.0
2014-01-01,tierra_fuego,39943.0,15074.0,13109.0
2014-01-01,tucuman,150414.0,7216.0,6182.0
2014-04-01,caba,1571103.0,13908.0,12011.0
2014-04-01,catamarca,33063.0,9863.0,8410.0
2014-04-01,chaco,76045.0,9062.0,7863.0
2014-04-01,chubut,98337.0,19463.0,16966.0
2014-04-01,cordoba,509139.0,10527.0,8962.0
2014-04-01,corrientes,72299.0,9052.0,7692.0
2014-04-01,entre_rios,138587.0,9374.0,7923.0
2014-04-01,formosa,27763.0,9104.0,7737.0
2014-04-01,jujuy,54088.0,9472.0,8120.0
2014-04-01,la_pampa,36658.0,10392.0,8824.0
2014-04-01,la_rioja,31846.0,9111.0,7740.0
2014-04-01,mendoza,258007.99999999997,9638.0,8264.0
2014-04-01,misiones,108154.0,8357.0,7071.0
2014-04-01,neuquen,104475.0,20353.0,17882.0
2014-04-01,provincia_buenos_aires,1993763.0,11831.0,10137.0
2014-04-01,rio_negro,108473.0,11596.0,9928.0
2014-04-01,salta,113537.0,8915.0,7631.0
2014-04-01,san_juan,84960.0,10147.0,8663.0
2014-04-01,san_luis,59502.0,10921.0,9292.0
2014-04-01,santa_cruz,63227.0,22823.0,19967.0
2014-04-01,santa_fe,515361.0,11149.0,9475.0
2014-04-01,santiago_estero,53973.0,8344.0,7091.0
2014-04-01,tierra_fuego,39760.0,19351.0,16744.0
2014-04-01,tucuman,164156.0,8374.0,7117.0
2014-07-01,caba,1575669.0,13039.0,11247.0
2014-07-01,catamarca,32383.000000000004,9917.0,8484.0
2014-07-01,chaco,76700.0,8604.0,7454.0
2014-07-01,chubut,100061.0,18786.0,16390.0
2014-07-01,cordoba,508233.0,9817.0,8375.0
2014-07-01,corrientes,72887.0,8287.0,7037.0
2014-07-01,entre_rios,140163.0,8690.0,7358.0
2014-07-01,formosa,26903.0,8380.0,7122.0
2014-07-01,jujuy,57144.0,9335.0,8033.0
2014-07-01,la_pampa,36920.0,9899.0,8427.0
2014-07-01,la_rioja,30195.0,8697.0,7363.0
2014-07-01,mendoza,248928.0,9225.0,7899.0
2014-07-01,misiones,108045.0,8049.0,6830.0
2014-07-01,neuquen,106872.0,19315.0,16950.0
2014-07-01,provincia_buenos_aires,1987301.0,10937.0,9349.0
2014-07-01,rio_negro,109632.0,11104.0,9509.0
2014-07-01,salta,116762.0,8397.0,7204.0
2014-07-01,san_juan,84069.0,9390.0,8004.0
2014-07-01,san_luis,59746.0,10235.0,8700.0
2014-07-01,santa_cruz,62686.0,22872.0,20084.0
2014-07-01,santa_fe,515113.00000000006,10341.0,8785.0
2014-07-01,santiago_estero,53262.0,7810.0,6648.0
2014-07-01,tierra_fuego,40573.0,19572.0,16986.0
2014-07-01,tucuman,169980.0,7897.0,6717.0
2014-10-01,caba,1589255.0,15934.0,13722.0
2014-10-01,catamarca,32975.0,12261.0,10472.0
2014-10-01,chaco,76702.0,10509.0,9068.0
2014-10-01,chubut,103402.0,22894.0,19914.0
2014-10-01,cordoba,511113.0,12273.0,10501.0
2014-10-01,corrientes,73895.0,10444.0,8869.0
2014-10-01,entre_rios,146243.0,10593.0,9027.0
2014-10-01,formosa,26728.0,10229.0,8672.0
2014-10-01,jujuy,61906.0,11098.0,9557.0
2014-10-01,la_pampa,37460.0,12124.0,10351.0
2014-10-01,la_rioja,29998.0,10991.0,9287.0
2014-10-01,mendoza,253619.0,11078.0,9460.0
2014-10-01,misiones,105305.0,10061.0,8549.0
2014-10-01,neuquen,110390.0,23817.0,20857.0
2014-10-01,provincia_buenos_aires,2013862.0,13512.0,11562.0
2014-10-01,rio_negro,111599.0,13504.0,11546.0
2014-10-01,salta,123951.0,10236.0,8800.0
2014-10-01,san_juan,85235.0,11414.0,9723.0
2014-10-01,san_luis,60724.0,12863.0,10914.0
2014-10-01,santa_cruz,64212.99999999999,26996.0,23590.0
2014-10-01,santa_fe,520063.0,12698.0,10846.0
2014-10-01,santiago_estero,52162.0,9345.0,7934.0
2014-10-01,tierra_fuego,41061.0,25396.0,22043.0
2014-10-01,tucuman,164613.0,10045.0,8512.0
2015-01-01,caba,1594088.0,15657.0,13597.0
2015-01-01,catamarca,33736.0,10860.0,9312.0
2015-01-01,chaco,76077.0,9521.0,8196.0
2015-01-01,chubut,103806.0,22308.0,19641.0
2015-01-01,cordoba,515780.0,11152.0,9547.0
2015-01-01,corrientes,74263.0,9473.0,8037.0
2015-01-01,entre_rios,140426.0,10025.0,8542.0
2015-01-01,formosa,26738.0,9349.0,7923.0
2015-01-01,jujuy,62936.0,9520.0,8247.0
2015-01-01,la_pampa,37240.0,11269.0,9644.0
2015-01-01,la_rioja,35981.0,8648.0,7315.0
2015-01-01,mendoza,266985.0,10161.0,8738.0
2015-01-01,misiones,107853.0,9428.0,8066.0
2015-01-01,neuquen,116606.0,23442.0,20802.0
2015-01-01,provincia_buenos_aires,2043540.0,12630.0,10861.0
2015-01-01,rio_negro,122405.0,12291.0,10542.0
2015-01-01,salta,125886.0,9519.0,8233.0
2015-01-01,san_juan,87031.0,10819.0,9272.0
2015-01-01,san_luis,63477.0,11381.0,9692.0
2015-01-01,santa_cruz,64834.0,26221.0,23189.0
2015-01-01,santa_fe,517405.0,11796.0,10103.0
2015-01-01,santiago_estero,51893.0,8551.0,7260.0
2015-01-01,tierra_fuego,38998.0,20893.0,18054.0
2015-01-01,tucuman,159709.0,9315.0,7919.0
2015-04-01,caba,1605008.0,18187.0,15640.0
2015-04-01,catamarca,34191.0,12724.0,10779.0
2015-04-01,chaco,78872.0,11601.0,9937.0
2015-04-01,chubut,102138.0,26092.0,22735.0
2015-04-01,cordoba,515506.0,13645.0,11625.0
2015-04-01,corrientes,76319.0,11467.0,9720.0
2015-04-01,entre_rios,142073.0,12279.0,10439.0
2015-04-01,formosa,28054.0,11720.0,9892.0
2015-04-01,jujuy,56127.0,12517.0,10656.0
2015-04-01,la_pampa,37819.0,13511.0,11497.0
2015-04-01,la_rioja,35053.0,11005.0,9261.0
2015-04-01,mendoza,264639.0,12474.0,10659.0
2015-04-01,misiones,115969.0,11012.0,9430.0
2015-04-01,neuquen,114365.0,27636.0,24287.0
2015-04-01,provincia_buenos_aires,2038838.0,15185.0,12985.0
2015-04-01,rio_negro,114745.0,15291.0,13046.0
2015-04-01,salta,120845.0,11829.0,10102.0
2015-04-01,san_juan,87085.0,12713.0,10809.0
2015-04-01,san_luis,65732.0,13753.0,11678.0
2015-04-01,santa_cruz,64712.0,30425.0,26607.0
2015-04-01,santa_fe,525751.0,14389.0,12293.0
2015-04-01,santiago_estero,53059.0,10479.0,8849.0
2015-04-01,tierra_fuego,40647.0,25979.0,22329.0
2015-04-01,tucuman,173198.0,10733.0,9067.0
